id,permalink,date,ip,subreddit,gildings,link,parent
j7jy563,https://www.reddit.com/r/startrek/comments/10vxs5t/best_riker_and_data_moment/j7jy563/,2023-02-07 09:42:58 UTC,,startrek,0,https://www.reddit.com/r/startrek/comments/10vxs5t/best_riker_and_data_moment/,j7jxwpk
j7k0fm0,https://www.reddit.com/r/startrek/comments/10vinn7/which_star_trek_death_hit_you_the_hardest/j7k0fm0/,2023-02-07 10:16:29 UTC,,startrek,0,https://www.reddit.com/r/startrek/comments/10vinn7/which_star_trek_death_hit_you_the_hardest/,
jo77dm4,https://www.reddit.com/r/veYakinEvren/comments/149tnqs/oyun_tavsiyesi/jo77dm4/,2023-06-15 07:07:38 UTC,46.104.2.32,veYakinEvren,0,https://www.reddit.com/r/veYakinEvren/comments/149tnqs/oyun_tavsiyesi/,jo741if
jr1sd8q,https://www.reddit.com/r/veYakinEvren/comments/14tcw0q/arkadaşlar_bir_sorum_var_mesela_steamde_cs_go/jr1sd8q/,2023-07-07 17:33:12 UTC,85.153.237.19,veYakinEvren,0,https://www.reddit.com/r/veYakinEvren/comments/14tcw0q/arkadaşlar_bir_sorum_var_mesela_steamde_cs_go/,jr1nta9
j7yb85s,https://www.reddit.com/r/gaming/comments/10xoh72/lost_game/j7yb85s/,2023-02-10 07:06:23 UTC,,gaming,0,https://www.reddit.com/r/gaming/comments/10xoh72/lost_game/,j7y6rt1
j89nsid,https://www.reddit.com/r/veYakinEvren/comments/110h604/bildiğiniz_minyatür_satan_yer_var_mı/j89nsid/,2023-02-12 18:19:10 UTC,,veYakinEvren,0,https://www.reddit.com/r/veYakinEvren/comments/110h604/bildiğiniz_minyatür_satan_yer_var_mı/,
jo78aae,https://www.reddit.com/r/veYakinEvren/comments/149tnqs/oyun_tavsiyesi/jo78aae/,2023-06-15 07:20:47 UTC,46.104.2.32,veYakinEvren,0,https://www.reddit.com/r/veYakinEvren/comments/149tnqs/oyun_tavsiyesi/,jo71cxy
jeb5ul8,https://www.reddit.com/r/veYakinEvren/comments/126j46t/csgo_envanterıma_girdim_de_bu_kasa_fiyatları_ne/jeb5ul8/,2023-03-30 19:04:45 UTC,,veYakinEvren,0,https://www.reddit.com/r/veYakinEvren/comments/126j46t/csgo_envanterıma_girdim_de_bu_kasa_fiyatları_ne/,
j7k0lcu,https://www.reddit.com/r/startrek/comments/10vinn7/which_star_trek_death_hit_you_the_hardest/j7k0lcu/,2023-02-07 10:18:51 UTC,,startrek,0,https://www.reddit.com/r/startrek/comments/10vinn7/which_star_trek_death_hit_you_the_hardest/,j7k0fm0
j7jxnof,https://www.reddit.com/r/startrek/comments/10vxs5t/best_riker_and_data_moment/j7jxnof/,2023-02-07 09:35:55 UTC,,startrek,0,https://www.reddit.com/r/startrek/comments/10vxs5t/best_riker_and_data_moment/,
i6n7ir4,https://www.reddit.com/r/ProgrammerHumor/comments/uehnsz/i_wrote_in_a_forum_thread_that_i_was_going_to_try/i6n7ir4/,2022-04-29 09:01:14 UTC,,ProgrammerHumor,0,https://www.reddit.com/r/ProgrammerHumor/comments/uehnsz/i_wrote_in_a_forum_thread_that_i_was_going_to_try/,
gqp3r4z,https://www.reddit.com/r/NintendoDSi/comments/m3jkjt/ds_lite_green_light_turns_on_then_off/gqp3r4z/,2021-03-12 15:15:40 UTC,,NintendoDSi,0,https://www.reddit.com/r/NintendoDSi/comments/m3jkjt/ds_lite_green_light_turns_on_then_off/,
jo73kfc,https://www.reddit.com/r/veYakinEvren/comments/149tnqs/oyun_tavsiyesi/jo73kfc/,2023-06-15 06:15:00 UTC,46.104.2.32,veYakinEvren,0,https://www.reddit.com/r/veYakinEvren/comments/149tnqs/oyun_tavsiyesi/,
jr1thyi,https://www.reddit.com/r/seinfeld/comments/14taql3/seinfeld_quotes_the_official_ranking/jr1thyi/,2023-07-07 17:40:29 UTC,85.153.237.19,seinfeld,0,https://www.reddit.com/r/seinfeld/comments/14taql3/seinfeld_quotes_the_official_ranking/,
ibgmn8t,https://www.reddit.com/r/flashcarts/comments/v5baeg/what_do_i_need_to_do_use_this_card/ibgmn8t/,2022-06-07 06:56:32 UTC,,flashcarts,0,https://www.reddit.com/r/flashcarts/comments/v5baeg/what_do_i_need_to_do_use_this_card/,ibfs2la
jm1dflb,https://www.reddit.com/r/GreekMythology/comments/13ukdfr/what_does_poseidons_trident_actually_do/jm1dflb/,2023-05-29 05:46:45 UTC,159.20.68.5,GreekMythology,0,https://www.reddit.com/r/GreekMythology/comments/13ukdfr/what_does_poseidons_trident_actually_do/,
hn8deeq,https://www.reddit.com/r/flashcarts/comments/r84lhi/old_dstt_stuck_on_loading/hn8deeq/,2021-12-04 19:52:41 UTC,,flashcarts,0,https://www.reddit.com/r/flashcarts/comments/r84lhi/old_dstt_stuck_on_loading/,hn89gxw
j7lf5f7,https://www.reddit.com/r/seinfeld/comments/10vqao7/whos_the_most_moral_of_the_main_four_or_the_least/j7lf5f7/,2023-02-07 17:27:26 UTC,,seinfeld,0,https://www.reddit.com/r/seinfeld/comments/10vqao7/whos_the_most_moral_of_the_main_four_or_the_least/,j7leszi
jqm5w6t,https://www.reddit.com/r/TheLastAirbender/comments/14q3i9h/the_only_onscreen_moment_of_zuko_and_azula_being/jqm5w6t/,2023-07-04 09:58:48 UTC,85.153.237.19,TheLastAirbender,0,https://www.reddit.com/r/TheLastAirbender/comments/14q3i9h/the_only_onscreen_moment_of_zuko_and_azula_being/,
jadaxq3,https://www.reddit.com/r/gaming/comments/11ec3zg/which_game_will_make_you_say_this_for_me_its/jadaxq3/,2023-02-28 16:48:19 UTC,,gaming,0,https://www.reddit.com/r/gaming/comments/11ec3zg/which_game_will_make_you_say_this_for_me_its/,
i799ge4,https://www.reddit.com/r/ProgrammerHumor/comments/uhvjvx/what_cool_things_can_i_do_if_i_learn_js/i799ge4/,2022-05-04 05:09:28 UTC,,ProgrammerHumor,0,https://www.reddit.com/r/ProgrammerHumor/comments/uhvjvx/what_cool_things_can_i_do_if_i_learn_js/,
j7leszi,https://www.reddit.com/r/seinfeld/comments/10vqao7/whos_the_most_moral_of_the_main_four_or_the_least/j7leszi/,2023-02-07 17:25:15 UTC,,seinfeld,0,https://www.reddit.com/r/seinfeld/comments/10vqao7/whos_the_most_moral_of_the_main_four_or_the_least/,
jft1nhx,https://www.reddit.com/r/veYakinEvren/comments/12idziy/sungur_ve_pandanın_kullandığı_ısı_yalıtımlı/jft1nhx/,2023-04-11 09:17:05 UTC,,veYakinEvren,0,https://www.reddit.com/r/veYakinEvren/comments/12idziy/sungur_ve_pandanın_kullandığı_ısı_yalıtımlı/,
iosst35,https://www.reddit.com/r/mathmemes/comments/xgm9i9/why_i_square_is_equal_to_1_but_not_1/iosst35/,2022-09-17 14:22:47 UTC,,mathmemes,0,https://www.reddit.com/r/mathmemes/comments/xgm9i9/why_i_square_is_equal_to_1_but_not_1/,
j7lhohw,https://www.reddit.com/r/seinfeld/comments/10vem2x/i_feel_this_sub_reddit_is_just_a_constant_excuse/j7lhohw/,2023-02-07 17:43:33 UTC,,seinfeld,0,https://www.reddit.com/r/seinfeld/comments/10vem2x/i_feel_this_sub_reddit_is_just_a_constant_excuse/,
isamb3q,https://www.reddit.com/r/gaming/comments/y3vlyg/in_your_opinion_who_is_the_most_attractive_video/isamb3q/,2022-10-14 14:45:10 UTC,,gaming,0,https://www.reddit.com/r/gaming/comments/y3vlyg/in_your_opinion_who_is_the_most_attractive_video/,isalwh8
j7thoau,https://www.reddit.com/r/gaming/comments/10xoh72/lost_game/j7thoau/,2023-02-09 07:46:33 UTC,,gaming,0,https://www.reddit.com/r/gaming/comments/10xoh72/lost_game/,
j7r2k3s,https://www.reddit.com/r/startrek/comments/10x881w/confused_about_picards_log_in_encounter_at/j7r2k3s/,2023-02-08 20:27:26 UTC,,startrek,0,https://www.reddit.com/r/startrek/comments/10x881w/confused_about_picards_log_in_encounter_at/,j7r1jlh
j7lecvr,https://www.reddit.com/r/startrek/comments/10vxs5t/best_riker_and_data_moment/j7lecvr/,2023-02-07 17:22:23 UTC,,startrek,0,https://www.reddit.com/r/startrek/comments/10vxs5t/best_riker_and_data_moment/,j7l51s1
hz17rd8,https://www.reddit.com/r/veYakinEvren/comments/t47fq3/podcastia_bozdu_ağbiiiii/hz17rd8/,2022-03-02 10:26:21 UTC,,veYakinEvren,0,https://www.reddit.com/r/veYakinEvren/comments/t47fq3/podcastia_bozdu_ağbiiiii/,
j8a4ew2,https://www.reddit.com/r/SatisfactoryGame/comments/110oymf/losing_my_stuff_over_offline_mode/j8a4ew2/,2023-02-12 20:11:30 UTC,,SatisfactoryGame,0,https://www.reddit.com/r/SatisfactoryGame/comments/110oymf/losing_my_stuff_over_offline_mode/,
jqmx4jy,https://www.reddit.com/r/TheLastAirbender/comments/14pgyzd/deleted_by_user/jqmx4jy/,2023-07-04 14:29:03 UTC,85.153.237.19,TheLastAirbender,0,https://www.reddit.com/r/TheLastAirbender/comments/14pgyzd/deleted_by_user/,jqm1djn
iu0fr67,https://www.reddit.com/r/seinfeld/comments/yeiw0d/any_predictions_for_george_and_susans_wedding/iu0fr67/,2022-10-27 17:09:45 UTC,,seinfeld,0,https://www.reddit.com/r/seinfeld/comments/yeiw0d/any_predictions_for_george_and_susans_wedding/,
j7lvgb5,https://www.reddit.com/r/startrek/comments/10vxs5t/best_riker_and_data_moment/j7lvgb5/,2023-02-07 19:13:03 UTC,,startrek,0,https://www.reddit.com/r/startrek/comments/10vxs5t/best_riker_and_data_moment/,j7ls167
jffru4y,https://www.reddit.com/r/seinfeld/comments/12dtzjx/favorite_seinfeld_quotes_that_are_three_words_or/jffru4y/,2023-04-08 12:35:46 UTC,,seinfeld,0,https://www.reddit.com/r/seinfeld/comments/12dtzjx/favorite_seinfeld_quotes_that_are_three_words_or/,
j7jy34j,https://www.reddit.com/r/startrek/comments/10vxs5t/best_riker_and_data_moment/j7jy34j/,2023-02-07 09:42:08 UTC,,startrek,0,https://www.reddit.com/r/startrek/comments/10vxs5t/best_riker_and_data_moment/,j7jxoia
gqp9qvp,https://www.reddit.com/r/NintendoDSi/comments/m3jkjt/ds_lite_green_light_turns_on_then_off/gqp9qvp/,2021-03-12 16:01:16 UTC,,NintendoDSi,0,https://www.reddit.com/r/NintendoDSi/comments/m3jkjt/ds_lite_green_light_turns_on_then_off/,gqp904j
g2hth06,https://www.reddit.com/r/veYakinEvren/comments/iejm6v/some_podcastia_problems/g2hth06/,2020-08-22 17:31:19 UTC,,veYakinEvren,0,https://www.reddit.com/r/veYakinEvren/comments/iejm6v/some_podcastia_problems/,
j7vvask,https://www.reddit.com/r/seinfeld/comments/10xhmtz/get_in_the_robot_jerry/j7vvask/,2023-02-09 19:49:29 UTC,,seinfeld,0,https://www.reddit.com/r/seinfeld/comments/10xhmtz/get_in_the_robot_jerry/,
gqp8o65,https://www.reddit.com/r/NintendoDSi/comments/m3jkjt/ds_lite_green_light_turns_on_then_off/gqp8o65/,2021-03-12 15:53:20 UTC,,NintendoDSi,0,https://www.reddit.com/r/NintendoDSi/comments/m3jkjt/ds_lite_green_light_turns_on_then_off/,gqp7rm3
j7r2ezp,https://www.reddit.com/r/startrek/comments/10x881w/confused_about_picards_log_in_encounter_at/j7r2ezp/,2023-02-08 20:26:34 UTC,,startrek,0,https://www.reddit.com/r/startrek/comments/10x881w/confused_about_picards_log_in_encounter_at/,j7qujoz
j80cwgw,https://www.reddit.com/r/startrek/comments/10x881w/confused_about_picards_log_in_encounter_at/j80cwgw/,2023-02-10 18:18:17 UTC,,startrek,0,https://www.reddit.com/r/startrek/comments/10x881w/confused_about_picards_log_in_encounter_at/,j80a0x0
j7r634y,https://www.reddit.com/r/startrek/comments/10x881w/confused_about_picards_log_in_encounter_at/j7r634y/,2023-02-08 20:49:17 UTC,,startrek,0,https://www.reddit.com/r/startrek/comments/10x881w/confused_about_picards_log_in_encounter_at/,j7r456d
h5urnfo,https://www.reddit.com/r/veYakinEvren/comments/okbg5d/herhangi_başka_bir_seri_bekleyen_snd_bekleyen/h5urnfo/,2021-07-20 08:44:38 UTC,,veYakinEvren,0,https://www.reddit.com/r/veYakinEvren/comments/okbg5d/herhangi_başka_bir_seri_bekleyen_snd_bekleyen/,
gqrj6g5,https://www.reddit.com/r/consolerepair/comments/m3fvca/ds_lite_green_light_turns_on_then_off/gqrj6g5/,2021-03-13 03:24:25 UTC,,consolerepair,0,https://www.reddit.com/r/consolerepair/comments/m3fvca/ds_lite_green_light_turns_on_then_off/,gqqnq6o
j7r7g4o,https://www.reddit.com/r/startrek/comments/10x881w/confused_about_picards_log_in_encounter_at/j7r7g4o/,2023-02-08 20:57:24 UTC,,startrek,0,https://www.reddit.com/r/startrek/comments/10x881w/confused_about_picards_log_in_encounter_at/,j7r6bcl
jeb5dgq,https://www.reddit.com/r/webdev/comments/11f1ypj/monthly_getting_started_web_dev_career_thread/jeb5dgq/,2023-03-30 19:01:41 UTC,,webdev,0,https://www.reddit.com/r/webdev/comments/11f1ypj/monthly_getting_started_web_dev_career_thread/,
j7r27hp,https://www.reddit.com/r/startrek/comments/10x881w/confused_about_picards_log_in_encounter_at/j7r27hp/,2023-02-08 20:25:15 UTC,,startrek,0,https://www.reddit.com/r/startrek/comments/10x881w/confused_about_picards_log_in_encounter_at/,j7qt1y8
j7tmkj4,https://www.reddit.com/r/gaming/comments/10xoh72/lost_game/j7tmkj4/,2023-02-09 08:52:50 UTC,,gaming,0,https://www.reddit.com/r/gaming/comments/10xoh72/lost_game/,j7tjvbb
jm1enaq,https://www.reddit.com/r/GreekMythology/comments/13ukdfr/what_does_poseidons_trident_actually_do/jm1enaq/,2023-05-29 06:01:15 UTC,159.20.68.5,GreekMythology,0,https://www.reddit.com/r/GreekMythology/comments/13ukdfr/what_does_poseidons_trident_actually_do/,
jqhysfr,https://www.reddit.com/r/TheLastAirbender/comments/14pgyzd/deleted_by_user/jqhysfr/,2023-07-03 12:41:47 UTC,85.153.237.96,TheLastAirbender,0,https://www.reddit.com/r/TheLastAirbender/comments/14pgyzd/deleted_by_user/,
gk74by2,https://www.reddit.com/r/veYakinEvren/comments/l2jlw8/fate_condensed/gk74by2/,2021-01-22 16:25:32 UTC,,veYakinEvren,0,https://www.reddit.com/r/veYakinEvren/comments/l2jlw8/fate_condensed/,gk72vi4
jj0e7p7,https://www.reddit.com/r/veYakinEvren/comments/1390vs2/amca_amcaoğlu/jj0e7p7/,2023-05-05 20:53:39 UTC,,veYakinEvren,0,https://www.reddit.com/r/veYakinEvren/comments/1390vs2/amca_amcaoğlu/,
j1ym54u,https://www.reddit.com/r/consolerepair/comments/zx3wgi/changing_ds_lite_em10_filter/j1ym54u/,2022-12-28 10:35:28 UTC,,consolerepair,0,https://www.reddit.com/r/consolerepair/comments/zx3wgi/changing_ds_lite_em10_filter/,j1yjjul
jrxgqyo,https://www.reddit.com/r/startrekmemes/comments/14z9nuk/what_can_i_say_catsuits_arent_everything/jrxgqyo/,2023-07-14 12:53:38 UTC,176.33.91.188,startrekmemes,0,https://www.reddit.com/r/startrekmemes/comments/14z9nuk/what_can_i_say_catsuits_arent_everything/,
iy4t7k8,https://www.reddit.com/r/GenP/comments/z71esi/cannot_skip_the_credit_card_page/iy4t7k8/,2022-11-28 19:26:51 UTC,,GenP,0,https://www.reddit.com/r/GenP/comments/z71esi/cannot_skip_the_credit_card_page/,iy4push
jr1t3m4,https://www.reddit.com/r/yugioh/comments/14tcbuy/watching_5ds_for_the_first_time/jr1t3m4/,2023-07-07 17:37:56 UTC,85.153.237.19,yugioh,0,https://www.reddit.com/r/yugioh/comments/14tcbuy/watching_5ds_for_the_first_time/,jr1t19j
jj0esul,https://www.reddit.com/r/veYakinEvren/comments/13912e2/cs_bu_videonun_orijinalini_arıyor/jj0esul/,2023-05-05 20:57:55 UTC,159.20.68.5,veYakinEvren,0,https://www.reddit.com/r/veYakinEvren/comments/13912e2/cs_bu_videonun_orijinalini_arıyor/,
jarbm3b,https://www.reddit.com/r/TheLastAirbender/comments/11gz9ay/so_if_the_painted_lady_was_real_why_was_it_up_to/jarbm3b/,2023-03-03 14:31:43 UTC,,TheLastAirbender,0,https://www.reddit.com/r/TheLastAirbender/comments/11gz9ay/so_if_the_painted_lady_was_real_why_was_it_up_to/,
jedh9y0,https://www.reddit.com/r/webdev/comments/11f1ypj/monthly_getting_started_web_dev_career_thread/jedh9y0/,2023-03-31 05:37:50 UTC,,webdev,0,https://www.reddit.com/r/webdev/comments/11f1ypj/monthly_getting_started_web_dev_career_thread/,jebsgw3
j7rj0rh,https://www.reddit.com/r/SatisfactoryGame/comments/10wnupv/my_gf_moved_in_with_me_a_few_weeks_ago_i_dont_see/j7rj0rh/,2023-02-08 22:08:47 UTC,,SatisfactoryGame,0,https://www.reddit.com/r/SatisfactoryGame/comments/10wnupv/my_gf_moved_in_with_me_a_few_weeks_ago_i_dont_see/,j7o7n3k
iblio4g,https://www.reddit.com/r/consolerepair/comments/v7jv2a/ds_lite_speakers_not_working/iblio4g/,2022-06-08 11:39:03 UTC,,consolerepair,0,https://www.reddit.com/r/consolerepair/comments/v7jv2a/ds_lite_speakers_not_working/,ibl2ybi
j7vt6zq,https://www.reddit.com/r/startrek/comments/10xs9dy/do_you_think_replicator_food_is_actually_worse_or/j7vt6zq/,2023-02-09 19:36:43 UTC,,startrek,0,https://www.reddit.com/r/startrek/comments/10xs9dy/do_you_think_replicator_food_is_actually_worse_or/,
jr1t19j,https://www.reddit.com/r/yugioh/comments/14tcbuy/watching_5ds_for_the_first_time/jr1t19j/,2023-07-07 17:37:30 UTC,85.153.237.19,yugioh,0,https://www.reddit.com/r/yugioh/comments/14tcbuy/watching_5ds_for_the_first_time/,
h5urpnt,https://www.reddit.com/r/veYakinEvren/comments/okbg5d/herhangi_başka_bir_seri_bekleyen_snd_bekleyen/h5urpnt/,2021-07-20 08:45:36 UTC,,veYakinEvren,0,https://www.reddit.com/r/veYakinEvren/comments/okbg5d/herhangi_başka_bir_seri_bekleyen_snd_bekleyen/,h5urnfo
j80dw2z,https://www.reddit.com/r/startrek/comments/10x881w/confused_about_picards_log_in_encounter_at/j80dw2z/,2023-02-10 18:24:39 UTC,,startrek,0,https://www.reddit.com/r/startrek/comments/10x881w/confused_about_picards_log_in_encounter_at/,j7rnxqz
iy4vgrw,https://www.reddit.com/r/GenP/comments/z71esi/cannot_skip_the_credit_card_page/iy4vgrw/,2022-11-28 19:41:58 UTC,,GenP,0,https://www.reddit.com/r/GenP/comments/z71esi/cannot_skip_the_credit_card_page/,iy4tv6m
gk74q0f,https://www.reddit.com/r/veYakinEvren/comments/l2jlw8/fate_condensed/gk74q0f/,2021-01-22 16:27:26 UTC,,veYakinEvren,0,https://www.reddit.com/r/veYakinEvren/comments/l2jlw8/fate_condensed/,gk74by2
gk609m8,https://www.reddit.com/r/veYakinEvren/comments/l2jlw8/fate_condensed/gk609m8/,2021-01-22 11:41:42 UTC,,veYakinEvren,0,https://www.reddit.com/r/veYakinEvren/comments/l2jlw8/fate_condensed/,gk5znto
jqhyltm,https://www.reddit.com/r/veYakinEvren/comments/14pheg2/deleted_by_user/jqhyltm/,2023-07-03 12:40:08 UTC,85.153.237.96,veYakinEvren,0,https://www.reddit.com/r/veYakinEvren/comments/14pheg2/deleted_by_user/,
jr1tub6,https://www.reddit.com/r/seinfeld/comments/14taql3/seinfeld_quotes_the_official_ranking/jr1tub6/,2023-07-07 17:42:39 UTC,85.153.237.19,seinfeld,0,https://www.reddit.com/r/seinfeld/comments/14taql3/seinfeld_quotes_the_official_ranking/,
j7vsek3,https://www.reddit.com/r/startrek/comments/10xs9dy/do_you_think_replicator_food_is_actually_worse_or/j7vsek3/,2023-02-09 19:31:51 UTC,,startrek,0,https://www.reddit.com/r/startrek/comments/10xs9dy/do_you_think_replicator_food_is_actually_worse_or/,
j7w036m,https://www.reddit.com/r/startrekmemes/comments/10y4z8s/guiles_theme_goes_with_worf_saying_guile/j7w036m/,2023-02-09 20:17:56 UTC,,startrekmemes,0,https://www.reddit.com/r/startrekmemes/comments/10y4z8s/guiles_theme_goes_with_worf_saying_guile/,
i3q2jzq,https://www.reddit.com/r/ProgrammerHumor/comments/txu1i1/alternatives_to_initial_commit_go_wild/i3q2jzq/,2022-04-07 04:34:10 UTC,,ProgrammerHumor,0,https://www.reddit.com/r/ProgrammerHumor/comments/txu1i1/alternatives_to_initial_commit_go_wild/,
jfaef9l,https://www.reddit.com/r/dndmemes/comments/12ec1pr/you_think_bards_are_a_weak_class_do_you/jfaef9l/,2023-04-07 06:38:19 UTC,,dndmemes,0,https://www.reddit.com/r/dndmemes/comments/12ec1pr/you_think_bards_are_a_weak_class_do_you/,
iwoy56h,https://www.reddit.com/r/seinfeld/comments/yxiwv2/and_this_offends_you_as_a_jewish_person/iwoy56h/,2022-11-17 06:40:04 UTC,,seinfeld,0,https://www.reddit.com/r/seinfeld/comments/yxiwv2/and_this_offends_you_as_a_jewish_person/,
j7lga0q,https://www.reddit.com/r/startrekmemes/comments/10vn5zv/only_riker/j7lga0q/,2023-02-07 17:34:42 UTC,,startrekmemes,0,https://www.reddit.com/r/startrekmemes/comments/10vn5zv/only_riker/,
hnkva2k,https://www.reddit.com/r/flashcarts/comments/r84lhi/old_dstt_stuck_on_loading/hnkva2k/,2021-12-07 10:46:38 UTC,,flashcarts,0,https://www.reddit.com/r/flashcarts/comments/r84lhi/old_dstt_stuck_on_loading/,hn89gxw
jodkcsd,https://www.reddit.com/r/SatisfactoryGame/comments/14b2yw5/the_factory_must_grow/jodkcsd/,2023-06-16 17:48:01 UTC,31.141.35.245,SatisfactoryGame,0,https://www.reddit.com/r/SatisfactoryGame/comments/14b2yw5/the_factory_must_grow/,
g178erm,https://www.reddit.com/r/veYakinEvren/comments/i7czmb/hepimiz_sevdiğimiz_dizi_film_oyunlardan_karakter/g178erm/,2020-08-12 10:20:30 UTC,,veYakinEvren,0,https://www.reddit.com/r/veYakinEvren/comments/i7czmb/hepimiz_sevdiğimiz_dizi_film_oyunlardan_karakter/,
jdwya4j,https://www.reddit.com/r/startrekmemes/comments/123qngp/inspired_by_recent_comments/jdwya4j/,2023-03-27 20:12:40 UTC,,startrekmemes,0,https://www.reddit.com/r/startrekmemes/comments/123qngp/inspired_by_recent_comments/,
johkmvb,https://www.reddit.com/r/SatisfactoryGame/comments/14bm0w7/noice/johkmvb/,2023-06-17 16:53:38 UTC,5.25.128.180,SatisfactoryGame,0,https://www.reddit.com/r/SatisfactoryGame/comments/14bm0w7/noice/,
j7le3m1,https://www.reddit.com/r/startrek/comments/10vxs5t/best_riker_and_data_moment/j7le3m1/,2023-02-07 17:20:46 UTC,,startrek,0,https://www.reddit.com/r/startrek/comments/10vxs5t/best_riker_and_data_moment/,j7l51s1
j7vz00e,https://www.reddit.com/r/seinfeld/comments/10xmrc3/favourite_line_delivery/j7vz00e/,2023-02-09 20:11:18 UTC,,seinfeld,0,https://www.reddit.com/r/seinfeld/comments/10xmrc3/favourite_line_delivery/,
hprwgyf,https://www.reddit.com/r/ElectroBOOM/comments/rn2653/help_with_this_not_gate/hprwgyf/,2021-12-24 05:04:32 UTC,,ElectroBOOM,0,https://www.reddit.com/r/ElectroBOOM/comments/rn2653/help_with_this_not_gate/,hppqivn
gqp3qhl,https://www.reddit.com/r/consolerepair/comments/m3fvca/ds_lite_green_light_turns_on_then_off/gqp3qhl/,2021-03-12 15:15:31 UTC,,consolerepair,0,https://www.reddit.com/r/consolerepair/comments/m3fvca/ds_lite_green_light_turns_on_then_off/,
jffrzqf,https://www.reddit.com/r/ProgrammerHumor/comments/12erxyo/uber_of_amazons_or_amazon_of_uber_i_do_not_know/jffrzqf/,2023-04-08 12:37:17 UTC,,ProgrammerHumor,0,https://www.reddit.com/r/ProgrammerHumor/comments/12erxyo/uber_of_amazons_or_amazon_of_uber_i_do_not_know/,
jf6s59v,https://www.reddit.com/r/TheLastAirbender/comments/12dlgln/aangs_family/jf6s59v/,2023-04-06 14:17:21 UTC,,TheLastAirbender,0,https://www.reddit.com/r/TheLastAirbender/comments/12dlgln/aangs_family/,
j7tgkpu,https://www.reddit.com/r/seinfeld/comments/10xdhl7/which_scene_is_burnt_into_your_memory/j7tgkpu/,2023-02-09 07:32:33 UTC,,seinfeld,0,https://www.reddit.com/r/seinfeld/comments/10xdhl7/which_scene_is_burnt_into_your_memory/,
jo77h0j,https://www.reddit.com/r/veYakinEvren/comments/149tnqs/oyun_tavsiyesi/jo77h0j/,2023-06-15 07:09:02 UTC,46.104.2.32,veYakinEvren,0,https://www.reddit.com/r/veYakinEvren/comments/149tnqs/oyun_tavsiyesi/,jo741if
g2htihw,https://www.reddit.com/r/veYakinEvren/comments/iejm6v/some_podcastia_problems/g2htihw/,2020-08-22 17:31:34 UTC,,veYakinEvren,0,https://www.reddit.com/r/veYakinEvren/comments/iejm6v/some_podcastia_problems/,g2hth06
jmz8lpi,https://www.reddit.com/r/veYakinEvren/comments/141c4vb/geçmişten_hediyeler/jmz8lpi/,2023-06-05 12:02:58 UTC,159.20.68.5,veYakinEvren,0,https://www.reddit.com/r/veYakinEvren/comments/141c4vb/geçmişten_hediyeler/,
jcabsl7,https://www.reddit.com/r/yugioh/comments/11roh0n/dark_magician_maid_oc_source_is_my_brain/jcabsl7/,2023-03-15 12:46:52 UTC,,yugioh,0,https://www.reddit.com/r/yugioh/comments/11roh0n/dark_magician_maid_oc_source_is_my_brain/,
j7keol9,https://www.reddit.com/r/startrek/comments/10vxs5t/best_riker_and_data_moment/j7keol9/,2023-02-07 13:05:41 UTC,,startrek,0,https://www.reddit.com/r/startrek/comments/10vxs5t/best_riker_and_data_moment/,j7kdh43
jaic4c0,https://www.reddit.com/r/seinfeld/comments/11f93oc/my_new_plates_came_in/jaic4c0/,2023-03-01 17:24:16 UTC,,seinfeld,0,https://www.reddit.com/r/seinfeld/comments/11f93oc/my_new_plates_came_in/,
jofmgxf,https://www.reddit.com/r/movies/comments/14b6q0o/what_are_your_favorite_movie_titles/jofmgxf/,2023-06-17 03:58:17 UTC,31.141.35.245,movies,0,https://www.reddit.com/r/movies/comments/14b6q0o/what_are_your_favorite_movie_titles/,
jn3d5a2,https://www.reddit.com/r/TheLastAirbender/comments/1427jpa/whats_the_subreddit_for_tophs_feet_called_i_need/jn3d5a2/,2023-06-06 07:37:57 UTC,159.20.68.5,TheLastAirbender,0,https://www.reddit.com/r/TheLastAirbender/comments/1427jpa/whats_the_subreddit_for_tophs_feet_called_i_need/,
ic67f27,https://www.reddit.com/r/startrekmemes/comments/vb1qha/once_you_have_their_money_you_never_give_it_back/ic67f27/,2022-06-13 05:22:01 UTC,,startrekmemes,0,https://www.reddit.com/r/startrekmemes/comments/vb1qha/once_you_have_their_money_you_never_give_it_back/,
jo788al,https://www.reddit.com/r/veYakinEvren/comments/149tnqs/oyun_tavsiyesi/jo788al/,2023-06-15 07:20:01 UTC,46.104.2.32,veYakinEvren,0,https://www.reddit.com/r/veYakinEvren/comments/149tnqs/oyun_tavsiyesi/,jo77s62
j7k0ven,https://www.reddit.com/r/startrek/comments/10vxs5t/best_riker_and_data_moment/j7k0ven/,2023-02-07 10:22:55 UTC,,startrek,0,https://www.reddit.com/r/startrek/comments/10vxs5t/best_riker_and_data_moment/,j7jzt9a
jxz2uki,https://www.reddit.com/r/PercyJacksonMemes/comments/162qjc1/can_riptide_become_pregnant_too/jxz2uki/,2023-08-27 16:17:41 UTC,176.33.117.44,PercyJacksonMemes,0,https://www.reddit.com/r/PercyJacksonMemes/comments/162qjc1/can_riptide_become_pregnant_too/,
jxe632d,https://www.reddit.com/r/veYakinEvren/comments/15yjg21/kabızlığa_iyi_gelen_yağlı_zopadan_bahsedilen_o_ne/jxe632d/,2023-08-23 10:18:04 UTC,176.33.117.44,veYakinEvren,0,https://www.reddit.com/r/veYakinEvren/comments/15yjg21/kabızlığa_iyi_gelen_yağlı_zopadan_bahsedilen_o_ne/,
k0e5kjr,https://www.reddit.com/r/PercyJacksonMemes/comments/16hkk7t/which_movie_was_worst_in_your_opinion/k0e5kjr/,2023-09-13 11:52:53 UTC,176.33.117.44,PercyJacksonMemes,0,https://www.reddit.com/r/PercyJacksonMemes/comments/16hkk7t/which_movie_was_worst_in_your_opinion/,
jshmlu7,https://www.reddit.com/r/TheLastAirbender/comments/1536it7/make_this_comment_section_zukos_google_search/jshmlu7/,2023-07-18 18:58:19 UTC,176.33.91.188,TheLastAirbender,0,https://www.reddit.com/r/TheLastAirbender/comments/1536it7/make_this_comment_section_zukos_google_search/,
k3prfdf,https://www.reddit.com/r/consolerepair/comments/170u925/anyone_else_repair_consoles_as_a_hobby/k3prfdf/,2023-10-06 13:44:35 UTC,159.20.68.5,consolerepair,0,https://www.reddit.com/r/consolerepair/comments/170u925/anyone_else_repair_consoles_as_a_hobby/,
k0ekjpw,https://www.reddit.com/r/montypython/comments/16hnd3s/king_of_the_britons/k0ekjpw/,2023-09-13 13:46:25 UTC,37.154.17.48,montypython,0,https://www.reddit.com/r/montypython/comments/16hnd3s/king_of_the_britons/,
k0em66x,https://www.reddit.com/r/montypython/comments/16hnd3s/king_of_the_britons/k0em66x/,2023-09-13 13:57:13 UTC,37.154.17.48,montypython,0,https://www.reddit.com/r/montypython/comments/16hnd3s/king_of_the_britons/,k0elm31
k2u54cv,https://www.reddit.com/r/veYakinEvren/comments/16w07mp/arkadaş_olalım_mı/k2u54cv/,2023-09-30 08:00:31 UTC,159.20.68.5,veYakinEvren,0,https://www.reddit.com/r/veYakinEvren/comments/16w07mp/arkadaş_olalım_mı/,
k09wmce,https://www.reddit.com/r/camphalfblood/comments/16g6jlk/older_fans_what_are_some_things_that_clicked_on_a/k09wmce/,2023-09-12 16:14:40 UTC,176.33.117.44,camphalfblood,0,https://www.reddit.com/r/camphalfblood/comments/16g6jlk/older_fans_what_are_some_things_that_clicked_on_a/,
k3c1fgl,https://www.reddit.com/r/TheLastAirbender/comments/16z0xzh/did_xin_fu_and_yu_die/k3c1fgl/,2023-10-03 20:29:31 UTC,159.20.68.5,TheLastAirbender,0,https://www.reddit.com/r/TheLastAirbender/comments/16z0xzh/did_xin_fu_and_yu_die/,k3bzbo4
jvmt1uq,https://www.reddit.com/r/Ubuntu/comments/15nf4vy/is_the_ui_in_ubuntu_simple/jvmt1uq/,2023-08-10 20:07:54 UTC,195.155.177.56,Ubuntu,0,https://www.reddit.com/r/Ubuntu/comments/15nf4vy/is_the_ui_in_ubuntu_simple/,
jz6zilg,https://www.reddit.com/r/veYakinEvren/comments/16a7f1k/sevdiğim_oyunlara_göre_ne_önerirsiniz/jz6zilg/,2023-09-05 04:58:49 UTC,176.33.117.44,veYakinEvren,0,https://www.reddit.com/r/veYakinEvren/comments/16a7f1k/sevdiğim_oyunlara_göre_ne_önerirsiniz/,
jshmko6,https://www.reddit.com/r/TheLastAirbender/comments/1536it7/make_this_comment_section_zukos_google_search/jshmko6/,2023-07-18 18:58:07 UTC,176.33.91.188,TheLastAirbender,0,https://www.reddit.com/r/TheLastAirbender/comments/1536it7/make_this_comment_section_zukos_google_search/,
jsfmcq2,https://www.reddit.com/r/SatisfactoryGame/comments/152p2p9/am_i_doing_this_right/jsfmcq2/,2023-07-18 09:37:21 UTC,176.33.91.188,SatisfactoryGame,0,https://www.reddit.com/r/SatisfactoryGame/comments/152p2p9/am_i_doing_this_right/,
jx5zarr,https://www.reddit.com/r/veYakinEvren/comments/15x51r8/guilty_pleasure_oyunlar/jx5zarr/,2023-08-21 18:31:38 UTC,176.33.117.44,veYakinEvren,0,https://www.reddit.com/r/veYakinEvren/comments/15x51r8/guilty_pleasure_oyunlar/,
jxz1l2k,https://www.reddit.com/r/yugioh/comments/162p8ub/following_the_yugi_vs_jaden_duel_who_do_you/jxz1l2k/,2023-08-27 16:09:28 UTC,176.33.117.44,yugioh,0,https://www.reddit.com/r/yugioh/comments/162p8ub/following_the_yugi_vs_jaden_duel_who_do_you/,
k3bsskt,https://www.reddit.com/r/TheLastAirbender/comments/16z0xzh/did_xin_fu_and_yu_die/k3bsskt/,2023-10-03 19:40:34 UTC,159.20.68.5,TheLastAirbender,0,https://www.reddit.com/r/TheLastAirbender/comments/16z0xzh/did_xin_fu_and_yu_die/,k3bsgun
jshmn5a,https://www.reddit.com/r/TheLastAirbender/comments/1536it7/make_this_comment_section_zukos_google_search/jshmn5a/,2023-07-18 18:58:33 UTC,176.33.91.188,TheLastAirbender,0,https://www.reddit.com/r/TheLastAirbender/comments/1536it7/make_this_comment_section_zukos_google_search/,
jw8pa9d,https://www.reddit.com/r/tumblr/comments/15r8tu9/infallible/jw8pa9d/,2023-08-15 04:08:57 UTC,85.153.239.6,tumblr,0,https://www.reddit.com/r/tumblr/comments/15r8tu9/infallible/,jw8dcgr
jxxbsqc,https://www.reddit.com/r/camphalfblood/comments/162h83d/pjo_is_percy_the_only_one_to_see_riptide_in_yancy/jxxbsqc/,2023-08-27 05:47:22 UTC,176.33.117.44,camphalfblood,0,https://www.reddit.com/r/camphalfblood/comments/162h83d/pjo_is_percy_the_only_one_to_see_riptide_in_yancy/,jxxab3h
jvey8c7,https://www.reddit.com/r/veYakinEvren/comments/15lwchd/pc_için_gamepad_önerisi/jvey8c7/,2023-08-09 07:59:16 UTC,5.47.58.223,veYakinEvren,0,https://www.reddit.com/r/veYakinEvren/comments/15lwchd/pc_için_gamepad_önerisi/,
k0ekhtq,https://www.reddit.com/r/veYakinEvren/comments/16hn05k/özür_dilerim_78_yaşındaki_kardeşlerim_sizlere/k0ekhtq/,2023-09-13 13:46:04 UTC,37.154.17.48,veYakinEvren,0,https://www.reddit.com/r/veYakinEvren/comments/16hn05k/özür_dilerim_78_yaşındaki_kardeşlerim_sizlere/,
