id,permalink,date,ip,subreddit,gildings,link,parent,body,media
j80dw2z,https://www.reddit.com/r/startrek/comments/10x881w/confused_about_picards_log_in_encounter_at/j80dw2z/,2023-02-10 18:24:39 UTC,,startrek,0,https://www.reddit.com/r/startrek/comments/10x881w/confused_about_picards_log_in_encounter_at/,j7rnxqz,"> we can reasonably infer that this is meant to establish narrative continuity for the benefit of the people who will eventually read these logs

That makes sense. Like you said I guess it helps captains to show what were thinking at a certain point in light of the existing facts and why they reacted like they did. Thanks!",
j7k0fm0,https://www.reddit.com/r/startrek/comments/10vinn7/which_star_trek_death_hit_you_the_hardest/j7k0fm0/,2023-02-07 10:16:29 UTC,,startrek,0,https://www.reddit.com/r/startrek/comments/10vinn7/which_star_trek_death_hit_you_the_hardest/,,"Even though some other deaths were more impactful, Data's death was a huge shock and emotionally impactful for me.  
Riker remembering the first time they met while Troi was crying after Data's death did increase the effect on me too.",
jo77dm4,https://www.reddit.com/r/veYakinEvren/comments/149tnqs/oyun_tavsiyesi/jo77dm4/,2023-06-15 07:07:38 UTC,46.104.2.32,veYakinEvren,0,https://www.reddit.com/r/veYakinEvren/comments/149tnqs/oyun_tavsiyesi/,jo741if,"Satisfactory eğer o tarzı seviyorsan kesinlikle kaçırılmaması gereken bir oyun, yaz indirimlerinde falan almanı öneririm mutlaka.",
jr1sd8q,https://www.reddit.com/r/veYakinEvren/comments/14tcw0q/arkadaşlar_bir_sorum_var_mesela_steamde_cs_go/jr1sd8q/,2023-07-07 17:33:12 UTC,85.153.237.19,veYakinEvren,0,https://www.reddit.com/r/veYakinEvren/comments/14tcw0q/arkadaşlar_bir_sorum_var_mesela_steamde_cs_go/,jr1nta9,"Şu fiyatran istiyorum diye talimat oluşturuyorsun, eğer açılırsa ve cüzdanda para varsa otomatik alıyor.",
j7yb85s,https://www.reddit.com/r/gaming/comments/10xoh72/lost_game/j7yb85s/,2023-02-10 07:06:23 UTC,,gaming,0,https://www.reddit.com/r/gaming/comments/10xoh72/lost_game/,j7y6rt1,Unfortunately no. Since it was a flash game you need some kind of archive and emulatori but I have no idea about any.,
j89nsid,https://www.reddit.com/r/veYakinEvren/comments/110h604/bildiğiniz_minyatür_satan_yer_var_mı/j89nsid/,2023-02-12 18:19:10 UTC,,veYakinEvren,0,https://www.reddit.com/r/veYakinEvren/comments/110h604/bildiğiniz_minyatür_satan_yer_var_mı/,,Çok bilgili olduğum bir alan değil ama [Pegasus Oyuncak](https://www.pegasusoyuncak.com/) Games Worshop ürünleri satıyor galiba oraya bakabilirsin.,
jo78aae,https://www.reddit.com/r/veYakinEvren/comments/149tnqs/oyun_tavsiyesi/jo78aae/,2023-06-15 07:20:47 UTC,46.104.2.32,veYakinEvren,0,https://www.reddit.com/r/veYakinEvren/comments/149tnqs/oyun_tavsiyesi/,jo71cxy,Birkaç arkadaş da bulursan Terraria ve Valheim çok zevkli olabiliyorlar.,
jeb5ul8,https://www.reddit.com/r/veYakinEvren/comments/126j46t/csgo_envanterıma_girdim_de_bu_kasa_fiyatları_ne/jeb5ul8/,2023-03-30 19:04:45 UTC,,veYakinEvren,0,https://www.reddit.com/r/veYakinEvren/comments/126j46t/csgo_envanterıma_girdim_de_bu_kasa_fiyatları_ne/,,"Dolar ayarlamarından arttı böyle. Ondan sonra ben de 4-5 yıl sonra bir arkadaşın da ittirmesiyle tekrar girmeye başladım, hafta 2-3 girip 20-50TL civarı kazanıp çıkıyoruz.

Hatta ilk girdiğimizde envanterde unuttuğumuz (o zamanlar değersizdi çünkü) eşyaları da sattık kışlık montun cebinden para çıkmış gibi oldu, şu son indirimlerde iyi oyun aldık o parayla.",
j7w036m,https://www.reddit.com/r/startrekmemes/comments/10y4z8s/guiles_theme_goes_with_worf_saying_guile/j7w036m/,2023-02-09 20:17:56 UTC,,startrekmemes,0,https://www.reddit.com/r/startrekmemes/comments/10y4z8s/guiles_theme_goes_with_worf_saying_guile/,,"I know it's a bit old but I've just found it and it's perfect with Worf saying ""Honor is to serve"" and the Enterprise floating slowly with the song.",
j7jxnof,https://www.reddit.com/r/startrek/comments/10vxs5t/best_riker_and_data_moment/j7jxnof/,2023-02-07 09:35:55 UTC,,startrek,0,https://www.reddit.com/r/startrek/comments/10vxs5t/best_riker_and_data_moment/,,Mine is either their first talk in the holedeck in the first episode or their talk at the end of The Measure of a Man.,
i6n7ir4,https://www.reddit.com/r/ProgrammerHumor/comments/uehnsz/i_wrote_in_a_forum_thread_that_i_was_going_to_try/i6n7ir4/,2022-04-29 09:01:14 UTC,,ProgrammerHumor,0,https://www.reddit.com/r/ProgrammerHumor/comments/uehnsz/i_wrote_in_a_forum_thread_that_i_was_going_to_try/,,"*""The Dark Side of the Programming is a pathway to many abilities some consider to be unnatural.""*",
gqp3r4z,https://www.reddit.com/r/NintendoDSi/comments/m3jkjt/ds_lite_green_light_turns_on_then_off/gqp3r4z/,2021-03-12 15:15:40 UTC,,NintendoDSi,0,https://www.reddit.com/r/NintendoDSi/comments/m3jkjt/ds_lite_green_light_turns_on_then_off/,,I realized that digitizers cable has a cut but i don't know if it was always there or did i cause it. Can it be the problem.,
jo73kfc,https://www.reddit.com/r/veYakinEvren/comments/149tnqs/oyun_tavsiyesi/jo73kfc/,2023-06-15 06:15:00 UTC,46.104.2.32,veYakinEvren,0,https://www.reddit.com/r/veYakinEvren/comments/149tnqs/oyun_tavsiyesi/,,"Gir bütün kafayı oyuna ver zone'a gir her şeyi unutlar var benim için: Minecraft mod paketleri (GT:New Horizons tavsiyemdir), Satisfactory, Enter the Gungeon, Hades gibi. Bir de harbiden şalteri indir ordan oraya koştur gez var: Skyrim, Fallout, Death Stranding, RDR2 gibi.",
jr1thyi,https://www.reddit.com/r/seinfeld/comments/14taql3/seinfeld_quotes_the_official_ranking/jr1thyi/,2023-07-07 17:40:29 UTC,85.153.237.19,seinfeld,0,https://www.reddit.com/r/seinfeld/comments/14taql3/seinfeld_quotes_the_official_ranking/,,Master of my domain!,
ibgmn8t,https://www.reddit.com/r/flashcarts/comments/v5baeg/what_do_i_need_to_do_use_this_card/ibgmn8t/,2022-06-07 06:56:32 UTC,,flashcarts,0,https://www.reddit.com/r/flashcarts/comments/v5baeg/what_do_i_need_to_do_use_this_card/,ibfs2la,It totally worked. Thanks a lot!,
jm1dflb,https://www.reddit.com/r/GreekMythology/comments/13ukdfr/what_does_poseidons_trident_actually_do/jm1dflb/,2023-05-29 05:46:45 UTC,159.20.68.5,GreekMythology,0,https://www.reddit.com/r/GreekMythology/comments/13ukdfr/what_does_poseidons_trident_actually_do/,,It makes him look cool,
hn8deeq,https://www.reddit.com/r/flashcarts/comments/r84lhi/old_dstt_stuck_on_loading/hn8deeq/,2021-12-04 19:52:41 UTC,,flashcarts,0,https://www.reddit.com/r/flashcarts/comments/r84lhi/old_dstt_stuck_on_loading/,hn89gxw,Thank you! I will buy a new SD and try it.,
j7lf5f7,https://www.reddit.com/r/seinfeld/comments/10vqao7/whos_the_most_moral_of_the_main_four_or_the_least/j7lf5f7/,2023-02-07 17:27:26 UTC,,seinfeld,0,https://www.reddit.com/r/seinfeld/comments/10vqao7/whos_the_most_moral_of_the_main_four_or_the_least/,j7leszi,"Just after writing it, I actually realized that what I was trying to say was that compared to other Kramer has his ""principles"" that he follows even though they are not ""good"" or ""moral"" to general.  


And I think what makes Kramer this funny is the fact that he always tries to follow his principles.",
jqm5w6t,https://www.reddit.com/r/TheLastAirbender/comments/14q3i9h/the_only_onscreen_moment_of_zuko_and_azula_being/jqm5w6t/,2023-07-04 09:58:48 UTC,85.153.237.19,TheLastAirbender,0,https://www.reddit.com/r/TheLastAirbender/comments/14q3i9h/the_only_onscreen_moment_of_zuko_and_azula_being/,,I think Azula is going for a choke there at the end.,
jadaxq3,https://www.reddit.com/r/gaming/comments/11ec3zg/which_game_will_make_you_say_this_for_me_its/jadaxq3/,2023-02-28 16:48:19 UTC,,gaming,0,https://www.reddit.com/r/gaming/comments/11ec3zg/which_game_will_make_you_say_this_for_me_its/,,"Elden Ring. I played it for a few hours and even though I am a big open world fan, it just didn't do it for me.",
i799ge4,https://www.reddit.com/r/ProgrammerHumor/comments/uhvjvx/what_cool_things_can_i_do_if_i_learn_js/i799ge4/,2022-05-04 05:09:28 UTC,,ProgrammerHumor,0,https://www.reddit.com/r/ProgrammerHumor/comments/uhvjvx/what_cool_things_can_i_do_if_i_learn_js/,,[removed],
j7leszi,https://www.reddit.com/r/seinfeld/comments/10vqao7/whos_the_most_moral_of_the_main_four_or_the_least/j7leszi/,2023-02-07 17:25:15 UTC,,seinfeld,0,https://www.reddit.com/r/seinfeld/comments/10vqao7/whos_the_most_moral_of_the_main_four_or_the_least/,,"""Moral"" is a bit subjective term so I think Kramer has his own ""moral"" rules that he always follows, he doesn't always do things because he wants to or because he will gain something he does it because he thinks it is ""true"" or it must be done. However others usually follow their own gain without actually believing in some ""morals"" or ""rules"".",
jft1nhx,https://www.reddit.com/r/veYakinEvren/comments/12idziy/sungur_ve_pandanın_kullandığı_ısı_yalıtımlı/jft1nhx/,2023-04-11 09:17:05 UTC,,veYakinEvren,0,https://www.reddit.com/r/veYakinEvren/comments/12idziy/sungur_ve_pandanın_kullandığı_ısı_yalıtımlı/,,"Eğer düşündüğüm şeyden bahsediyorsan ""chemex"" olabilir.",
iosst35,https://www.reddit.com/r/mathmemes/comments/xgm9i9/why_i_square_is_equal_to_1_but_not_1/iosst35/,2022-09-17 14:22:47 UTC,,mathmemes,0,https://www.reddit.com/r/mathmemes/comments/xgm9i9/why_i_square_is_equal_to_1_but_not_1/,,"We cannot actually say *i* = √-1, so *i*^(2) = -1 it is the other way around. Because imaginary numbers are based on the definition *i*^(2) = -1, not *i* = √-1.  


(√-1)^(2) = -1 causes confusion because we are trying to think from real numbers' point of view, which we are used to, but √-1 is not a real number so it works a bit differently.",
j7lhohw,https://www.reddit.com/r/seinfeld/comments/10vem2x/i_feel_this_sub_reddit_is_just_a_constant_excuse/j7lhohw/,2023-02-07 17:43:33 UTC,,seinfeld,0,https://www.reddit.com/r/seinfeld/comments/10vem2x/i_feel_this_sub_reddit_is_just_a_constant_excuse/,,It's subtivus for the rest of us!,
isamb3q,https://www.reddit.com/r/gaming/comments/y3vlyg/in_your_opinion_who_is_the_most_attractive_video/isamb3q/,2022-10-14 14:45:10 UTC,,gaming,0,https://www.reddit.com/r/gaming/comments/y3vlyg/in_your_opinion_who_is_the_most_attractive_video/,isalwh8,Silver Sable from Marvel's Spider-Man,
j7thoau,https://www.reddit.com/r/gaming/comments/10xoh72/lost_game/j7thoau/,2023-02-09 07:46:33 UTC,,gaming,0,https://www.reddit.com/r/gaming/comments/10xoh72/lost_game/,,It should be [JackSmith](https://www.flipline.com/games/jacksmith/info.html).,
j7r2k3s,https://www.reddit.com/r/startrek/comments/10x881w/confused_about_picards_log_in_encounter_at/j7r2k3s/,2023-02-08 20:27:26 UTC,,startrek,0,https://www.reddit.com/r/startrek/comments/10x881w/confused_about_picards_log_in_encounter_at/,j7r1jlh,"It more towards the begging of the episode even before Riker, but I believe there is an ad break so more or less the same objective.",
j7lecvr,https://www.reddit.com/r/startrek/comments/10vxs5t/best_riker_and_data_moment/j7lecvr/,2023-02-07 17:22:23 UTC,,startrek,0,https://www.reddit.com/r/startrek/comments/10vxs5t/best_riker_and_data_moment/,j7l51s1,Also the face expression of Data when he misses the time at the end is the best! (even though I think it's a bit out of character),
hz17rd8,https://www.reddit.com/r/veYakinEvren/comments/t47fq3/podcastia_bozdu_ağbiiiii/hz17rd8/,2022-03-02 10:26:21 UTC,,veYakinEvren,0,https://www.reddit.com/r/veYakinEvren/comments/t47fq3/podcastia_bozdu_ağbiiiii/,,"Bence biraz sezonların anlattığı konular ile ilgili. İlk iki sezonda kendi hikayelerini oynayan ve doğal olarak aktif karakterlerdi ama son iki sezonda kendilerinden çok daha büyük bir konu olan bir savaş içerisindeki sıradan ve pasif bir grup karakter gibi oldular. Sezon ilerleyip olaylar derinleştikçe, karakterler daha önemli işler yapmaya başladıkça eskiye yaklaşır gibi düşünüyorum. Bence muhabbet o kadar değişmedi sadece daha belirgin oldu.",
j7r634y,https://www.reddit.com/r/startrek/comments/10x881w/confused_about_picards_log_in_encounter_at/j7r634y/,2023-02-08 20:49:17 UTC,,startrek,0,https://www.reddit.com/r/startrek/comments/10x881w/confused_about_picards_log_in_encounter_at/,j7r456d,"I mean I always knew that they were just narrative devices, but I guess I never gave much thought about how and when they were made. Or it might be the bit faster tempo of this two episodes compared to the rest of the series.",
jqmx4jy,https://www.reddit.com/r/TheLastAirbender/comments/14pgyzd/deleted_by_user/jqmx4jy/,2023-07-04 14:29:03 UTC,85.153.237.19,TheLastAirbender,0,https://www.reddit.com/r/TheLastAirbender/comments/14pgyzd/deleted_by_user/,jqm1djn,Thanks!,
iu0fr67,https://www.reddit.com/r/seinfeld/comments/yeiw0d/any_predictions_for_george_and_susans_wedding/iu0fr67/,2022-10-27 17:09:45 UTC,,seinfeld,0,https://www.reddit.com/r/seinfeld/comments/yeiw0d/any_predictions_for_george_and_susans_wedding/,,"As the wedding gets closer and closer George starts act even stranger and starnger and he starts to avoid Susan totally. Soon before the wedding Jerry come acrosses with an old (female) friend who George doesn't like for some reason (like she liked him in high school but bullied him). Jerry accidentally tells that George is getting married. She wants to ask George why he didn't invite her so she confrots him at the coffe shop. George tries to come up with a lie but he cannot so he runs but just before that Susan sees them and thinks that George run because he saw Susan. Old friend visits Jerry, and meets with Kramer, and tells what happened with George. Jerry starts to like her so to continue seeing her, he persuades George to invite her. She comes to wedding as an unvited guest and meets with Susan and George continues to act strange because he doesn't want her there. During the wedding we hear George's thoughts and he finally decides that he really wants to marry. Kramer wants to make a toast but he cannot remember Susan's name and says the friend's instead and Susan thinks he really cheated her and she leaves.  
The episode ends with Jerry and George talking in the coffe shop about why Jerry stopped seeing the woman.",
j7lvgb5,https://www.reddit.com/r/startrek/comments/10vxs5t/best_riker_and_data_moment/j7lvgb5/,2023-02-07 19:13:03 UTC,,startrek,0,https://www.reddit.com/r/startrek/comments/10vxs5t/best_riker_and_data_moment/,j7ls167,"I love the first episode. Even though it has many problems, it sums up general theme of the show and its characters in several scenes so well. From that scene you get Data wants to be a human, and you get even though he is surprised Riker is open and friendly towards Data. ""Nice to meet you pinocchio.""",
jffru4y,https://www.reddit.com/r/seinfeld/comments/12dtzjx/favorite_seinfeld_quotes_that_are_three_words_or/jffru4y/,2023-04-08 12:35:46 UTC,,seinfeld,0,https://www.reddit.com/r/seinfeld/comments/12dtzjx/favorite_seinfeld_quotes_that_are_three_words_or/,,Love the Drake!,
j7jy34j,https://www.reddit.com/r/startrek/comments/10vxs5t/best_riker_and_data_moment/j7jy34j/,2023-02-07 09:42:08 UTC,,startrek,0,https://www.reddit.com/r/startrek/comments/10vxs5t/best_riker_and_data_moment/,j7jxoia,That smile of Data and Riker after Data touched his face.,
gqp9qvp,https://www.reddit.com/r/NintendoDSi/comments/m3jkjt/ds_lite_green_light_turns_on_then_off/gqp9qvp/,2021-03-12 16:01:16 UTC,,NintendoDSi,0,https://www.reddit.com/r/NintendoDSi/comments/m3jkjt/ds_lite_green_light_turns_on_then_off/,gqp904j,Well ordering a new screen is a paim for me because of my country. I will try to fix. Thanks for the help!,
g2hth06,https://www.reddit.com/r/veYakinEvren/comments/iejm6v/some_podcastia_problems/g2hth06/,2020-08-22 17:31:19 UTC,,veYakinEvren,0,https://www.reddit.com/r/veYakinEvren/comments/iejm6v/some_podcastia_problems/,,"O zaman, biir ikii üççç",
j7vvask,https://www.reddit.com/r/seinfeld/comments/10xhmtz/get_in_the_robot_jerry/j7vvask/,2023-02-09 19:49:29 UTC,,seinfeld,0,https://www.reddit.com/r/seinfeld/comments/10xhmtz/get_in_the_robot_jerry/,,I choose not to get in the robot!,
gqp8o65,https://www.reddit.com/r/NintendoDSi/comments/m3jkjt/ds_lite_green_light_turns_on_then_off/gqp8o65/,2021-03-12 15:53:20 UTC,,NintendoDSi,0,https://www.reddit.com/r/NintendoDSi/comments/m3jkjt/ds_lite_green_light_turns_on_then_off/,gqp7rm3,Thanks. Of Course i'll need to replace digitizer but i'm trying to just open it. Can i repair the cable myself or is replacing the only way?,
j7r2ezp,https://www.reddit.com/r/startrek/comments/10x881w/confused_about_picards_log_in_encounter_at/j7r2ezp/,2023-02-08 20:26:34 UTC,,startrek,0,https://www.reddit.com/r/startrek/comments/10x881w/confused_about_picards_log_in_encounter_at/,j7qujoz,"At the end of the logs like, ""This log has been created automatically. See a problem? Report.""",
j80cwgw,https://www.reddit.com/r/startrek/comments/10x881w/confused_about_picards_log_in_encounter_at/j80cwgw/,2023-02-10 18:18:17 UTC,,startrek,0,https://www.reddit.com/r/startrek/comments/10x881w/confused_about_picards_log_in_encounter_at/,j80a0x0,"I always kinda thought they are recording when they had some time between things like they see romulans, talk to them and while they are waiting for answer or something captain goes to his ready room and records it.",
j8a4ew2,https://www.reddit.com/r/SatisfactoryGame/comments/110oymf/losing_my_stuff_over_offline_mode/j8a4ew2/,2023-02-12 20:11:30 UTC,,SatisfactoryGame,0,https://www.reddit.com/r/SatisfactoryGame/comments/110oymf/losing_my_stuff_over_offline_mode/,,"Kill your old body, it should drop your items.",
h5urnfo,https://www.reddit.com/r/veYakinEvren/comments/okbg5d/herhangi_başka_bir_seri_bekleyen_snd_bekleyen/h5urnfo/,2021-07-20 08:44:38 UTC,,veYakinEvren,0,https://www.reddit.com/r/veYakinEvren/comments/okbg5d/herhangi_başka_bir_seri_bekleyen_snd_bekleyen/,,Sen Ne Diyon bekleyenler kadayıf oldu artık.,
gqrj6g5,https://www.reddit.com/r/consolerepair/comments/m3fvca/ds_lite_green_light_turns_on_then_off/gqrj6g5/,2021-03-13 03:24:25 UTC,,consolerepair,0,https://www.reddit.com/r/consolerepair/comments/m3fvca/ds_lite_green_light_turns_on_then_off/,gqqnq6o,"Yes, it's second hand i bought for cheap i'm trying to repair. (I have no experience but i'm tryimg to learn.)
What should i do to repair it can you explain a bit?",
j7r7g4o,https://www.reddit.com/r/startrek/comments/10x881w/confused_about_picards_log_in_encounter_at/j7r7g4o/,2023-02-08 20:57:24 UTC,,startrek,0,https://www.reddit.com/r/startrek/comments/10x881w/confused_about_picards_log_in_encounter_at/,j7r6bcl,Oh I didn't realized that! I think always assumed that they just transported him directly to sickbay. I guess it makes sense now even though it might have been handled a bit better I think.,
jeb5dgq,https://www.reddit.com/r/webdev/comments/11f1ypj/monthly_getting_started_web_dev_career_thread/jeb5dgq/,2023-03-30 19:01:41 UTC,,webdev,0,https://www.reddit.com/r/webdev/comments/11f1ypj/monthly_getting_started_web_dev_career_thread/,,"AutoMode said I should post here so,

I'm a student trying to learn web development as a side thing. I'm doing everything by myself, by hand so that I see a bit from everything. I need a decent front-end template that I can use with (my main interest) back-end. I have designed something basic in Figma now I need HTML/CSS/JS version of it. I hate markup languages so I saw Webflow on the internet is it logical to use that and export the code (I have free student plan) or should accept defeat and learn HTML/CSS/JS?",
j7r27hp,https://www.reddit.com/r/startrek/comments/10x881w/confused_about_picards_log_in_encounter_at/j7r27hp/,2023-02-08 20:25:15 UTC,,startrek,0,https://www.reddit.com/r/startrek/comments/10x881w/confused_about_picards_log_in_encounter_at/,j7qt1y8,I realized quite a few of these sort of things in the first episode. I wonder if they happen in others too and I just don't remember it. But for a pilot they are ok and it is fun to see how the show evolved and imroved over the years.,
j7tmkj4,https://www.reddit.com/r/gaming/comments/10xoh72/lost_game/j7tmkj4/,2023-02-09 08:52:50 UTC,,gaming,0,https://www.reddit.com/r/gaming/comments/10xoh72/lost_game/,j7tjvbb,No problem! I loved Flipline games as a kid. Jacksmith was one of favs.,
jm1enaq,https://www.reddit.com/r/GreekMythology/comments/13ukdfr/what_does_poseidons_trident_actually_do/jm1enaq/,2023-05-29 06:01:15 UTC,159.20.68.5,GreekMythology,0,https://www.reddit.com/r/GreekMythology/comments/13ukdfr/what_does_poseidons_trident_actually_do/,,"By ""do"" if you mean its powers then he usually uses it to control his powers like striking it to ground to create or dispel water (like creating a spring for Athens, flooding or drying cities), or to create horses, or strike down humans etc. However, since he is the god of sea I guess it would make more sense if he had power but not the tirdent so it may be just a way to direct his powers?  
Also, some scholar sees it as a symbolism to water or sea with its three heads but I have no actual information on it.",
jqhysfr,https://www.reddit.com/r/TheLastAirbender/comments/14pgyzd/deleted_by_user/jqhysfr/,2023-07-03 12:41:47 UTC,85.153.237.96,TheLastAirbender,0,https://www.reddit.com/r/TheLastAirbender/comments/14pgyzd/deleted_by_user/,,What kind of a bread is that?,
gk74by2,https://www.reddit.com/r/veYakinEvren/comments/l2jlw8/fate_condensed/gk74by2/,2021-01-22 16:25:32 UTC,,veYakinEvren,0,https://www.reddit.com/r/veYakinEvren/comments/l2jlw8/fate_condensed/,gk72vi4,İlk başta ben de hasar olarak yazmayı düşündüm ama consequences iyleşebiliyor. Ama kopan kol (çoğunlukla) geri gelmiyor. O yüzden bunu hikayenin devamında etkili olacak bir aspect olması gerektiğini düşündüm. Örneğin bu aspect Anakin'i yavaş yavaş darkside tarafını güçlendirir ve kendini yenleyerek bu aspect Darth Vader'a dönüşür gibi düşünmüştüm.,
jj0e7p7,https://www.reddit.com/r/veYakinEvren/comments/1390vs2/amca_amcaoğlu/jj0e7p7/,2023-05-05 20:53:39 UTC,,veYakinEvren,0,https://www.reddit.com/r/veYakinEvren/comments/1390vs2/amca_amcaoğlu/,,[https://twitter.com/benneizledim/status/1291846205765496838](https://twitter.com/benneizledim/status/1291846205765496838),
j1ym54u,https://www.reddit.com/r/consolerepair/comments/zx3wgi/changing_ds_lite_em10_filter/j1ym54u/,2022-12-28 10:35:28 UTC,,consolerepair,0,https://www.reddit.com/r/consolerepair/comments/zx3wgi/changing_ds_lite_em10_filter/,j1yjjul,Thanks!,
jrxgqyo,https://www.reddit.com/r/startrekmemes/comments/14z9nuk/what_can_i_say_catsuits_arent_everything/jrxgqyo/,2023-07-14 12:53:38 UTC,176.33.91.188,startrekmemes,0,https://www.reddit.com/r/startrekmemes/comments/14z9nuk/what_can_i_say_catsuits_arent_everything/,,Correct answer would be Tasha.,
jr1t19j,https://www.reddit.com/r/yugioh/comments/14tcbuy/watching_5ds_for_the_first_time/jr1t19j/,2023-07-07 17:37:30 UTC,85.153.237.19,yugioh,0,https://www.reddit.com/r/yugioh/comments/14tcbuy/watching_5ds_for_the_first_time/,,"I think they cannot override every system, probably it's harder to hack the brakes or engines than to force it to start a duel. Since dueling automatically stops the runners when you lose, they go for that.",
iy4t7k8,https://www.reddit.com/r/GenP/comments/z71esi/cannot_skip_the_credit_card_page/iy4t7k8/,2022-11-28 19:26:51 UTC,,GenP,0,https://www.reddit.com/r/GenP/comments/z71esi/cannot_skip_the_credit_card_page/,iy4push,"Unfortunately, that didn't work either.",
jr1t3m4,https://www.reddit.com/r/yugioh/comments/14tcbuy/watching_5ds_for_the_first_time/jr1t3m4/,2023-07-07 17:37:56 UTC,85.153.237.19,yugioh,0,https://www.reddit.com/r/yugioh/comments/14tcbuy/watching_5ds_for_the_first_time/,jr1t19j,I have no idea why the runners do that tho.,
jj0esul,https://www.reddit.com/r/veYakinEvren/comments/13912e2/cs_bu_videonun_orijinalini_arıyor/jj0esul/,2023-05-05 20:57:55 UTC,159.20.68.5,veYakinEvren,0,https://www.reddit.com/r/veYakinEvren/comments/13912e2/cs_bu_videonun_orijinalini_arıyor/,,Buyrun orjinali [https://twitter.com/benneizledim/status/1291846205765496838](https://twitter.com/benneizledim/status/1291846205765496838),
jarbm3b,https://www.reddit.com/r/TheLastAirbender/comments/11gz9ay/so_if_the_painted_lady_was_real_why_was_it_up_to/jarbm3b/,2023-03-03 14:31:43 UTC,,TheLastAirbender,0,https://www.reddit.com/r/TheLastAirbender/comments/11gz9ay/so_if_the_painted_lady_was_real_why_was_it_up_to/,,"I always thought she wasn't exactly their guardian spirit, she was more connect to the land or waters. Also the moral of the story was that they needed to learn to work for themselves instead of trusting a sprit or something else.

Also maybe spirit was weak or she also thought people needed to learn to work for themselves.

PS: I just thougth it but perhaps she just didn't care.",
jedh9y0,https://www.reddit.com/r/webdev/comments/11f1ypj/monthly_getting_started_web_dev_career_thread/jedh9y0/,2023-03-31 05:37:50 UTC,,webdev,0,https://www.reddit.com/r/webdev/comments/11f1ypj/monthly_getting_started_web_dev_career_thread/,jebsgw3,"Yeah, I am trying to learn web development. I also guessed that I should learn them to a certain proficiency before searching for shortcuts, but I guess I wanted someone to say no you don't need to. Anyway, thanks for the advice, I guess I should search for a good course now.",
j7rj0rh,https://www.reddit.com/r/SatisfactoryGame/comments/10wnupv/my_gf_moved_in_with_me_a_few_weeks_ago_i_dont_see/j7rj0rh/,2023-02-08 22:08:47 UTC,,SatisfactoryGame,0,https://www.reddit.com/r/SatisfactoryGame/comments/10wnupv/my_gf_moved_in_with_me_a_few_weeks_ago_i_dont_see/,j7o7n3k,"When I describe it to people I say:

""You land on a beautiful planet with trees and stuff. Then you exploit its resources, kill its wildlife, pollute its land, air, and water by building factories just to build more factories. Fun!""",
iblio4g,https://www.reddit.com/r/consolerepair/comments/v7jv2a/ds_lite_speakers_not_working/iblio4g/,2022-06-08 11:39:03 UTC,,consolerepair,0,https://www.reddit.com/r/consolerepair/comments/v7jv2a/ds_lite_speakers_not_working/,ibl2ybi,I cleaned as best as I could but unfortunately nothing changed.,
j7vt6zq,https://www.reddit.com/r/startrek/comments/10xs9dy/do_you_think_replicator_food_is_actually_worse_or/j7vt6zq/,2023-02-09 19:36:43 UTC,,startrek,0,https://www.reddit.com/r/startrek/comments/10xs9dy/do_you_think_replicator_food_is_actually_worse_or/,,"Taste is heavly connected to smell and smell is airborne so, if the replicator does not also replicate many different particles, that are cooked and combined while a food is normally cooked, into air then it might be actually pretty dull. But I think if that was the case after the food sits a bit it should settle something ""normal"".",
jffrzqf,https://www.reddit.com/r/ProgrammerHumor/comments/12erxyo/uber_of_amazons_or_amazon_of_uber_i_do_not_know/jffrzqf/,2023-04-08 12:37:17 UTC,,ProgrammerHumor,0,https://www.reddit.com/r/ProgrammerHumor/comments/12erxyo/uber_of_amazons_or_amazon_of_uber_i_do_not_know/,,(Dude),
h5urpnt,https://www.reddit.com/r/veYakinEvren/comments/okbg5d/herhangi_başka_bir_seri_bekleyen_snd_bekleyen/h5urpnt/,2021-07-20 08:45:36 UTC,,veYakinEvren,0,https://www.reddit.com/r/veYakinEvren/comments/okbg5d/herhangi_başka_bir_seri_bekleyen_snd_bekleyen/,h5urnfo,Baktım 3 yıl geçmiş son SND bölümünün üstünden. Dün gibi hatırlıyorum o günleri. Yaşlandık yav gev gev.,
j7jy563,https://www.reddit.com/r/startrek/comments/10vxs5t/best_riker_and_data_moment/j7jy563/,2023-02-07 09:42:58 UTC,,startrek,0,https://www.reddit.com/r/startrek/comments/10vxs5t/best_riker_and_data_moment/,j7jxwpk,"His leg on the table and like ""She's crazy for you man! Go get her!""",
iy4vgrw,https://www.reddit.com/r/GenP/comments/z71esi/cannot_skip_the_credit_card_page/iy4vgrw/,2022-11-28 19:41:58 UTC,,GenP,0,https://www.reddit.com/r/GenP/comments/z71esi/cannot_skip_the_credit_card_page/,iy4tv6m,For some reason I didn't think about my anti-virus. It totally solved the problem. Thanks a lot!,
gk74q0f,https://www.reddit.com/r/veYakinEvren/comments/l2jlw8/fate_condensed/gk74q0f/,2021-01-22 16:27:26 UTC,,veYakinEvren,0,https://www.reddit.com/r/veYakinEvren/comments/l2jlw8/fate_condensed/,gk74by2,"Tabi burada uzuv kopması yalnızca bir örnek. Yeni düşüncelerimle beraber duruma, hikayeye, oyunculara ve gm'e göre bu kalıcı/geçici bir aspect veya bir consequence da olabilir diye düşünüyorum.",
gk609m8,https://www.reddit.com/r/veYakinEvren/comments/l2jlw8/fate_condensed/gk609m8/,2021-01-22 11:41:42 UTC,,veYakinEvren,0,https://www.reddit.com/r/veYakinEvren/comments/l2jlw8/fate_condensed/,gk5znto,"Anladım. Yani karakter aspectleri oyunun başında verilenlerle sınırlı kalmadan oyun içinde de ekleyip çıkartabiliriz.
Teşekkürler.",
jqhyltm,https://www.reddit.com/r/veYakinEvren/comments/14pheg2/deleted_by_user/jqhyltm/,2023-07-03 12:40:08 UTC,85.153.237.96,veYakinEvren,0,https://www.reddit.com/r/veYakinEvren/comments/14pheg2/deleted_by_user/,,Sex with Hitler 10/10,
jr1tub6,https://www.reddit.com/r/seinfeld/comments/14taql3/seinfeld_quotes_the_official_ranking/jr1tub6/,2023-07-07 17:42:39 UTC,85.153.237.19,seinfeld,0,https://www.reddit.com/r/seinfeld/comments/14taql3/seinfeld_quotes_the_official_ranking/,,If people would only look to the cookie all our problems would be solved.,
j7vsek3,https://www.reddit.com/r/startrek/comments/10xs9dy/do_you_think_replicator_food_is_actually_worse_or/j7vsek3/,2023-02-09 19:31:51 UTC,,startrek,0,https://www.reddit.com/r/startrek/comments/10xs9dy/do_you_think_replicator_food_is_actually_worse_or/,,"I don't know fot a person trying for the first time but I guess after a while it might become frustrating because a meal would taste almost the same everytime (I think some environmental factors can affect it, but still) since it is replicated. And also if the pattern is not from a very good food it wouldn't be a pleasant experience.",
j7k0lcu,https://www.reddit.com/r/startrek/comments/10vinn7/which_star_trek_death_hit_you_the_hardest/j7k0lcu/,2023-02-07 10:18:51 UTC,,startrek,0,https://www.reddit.com/r/startrek/comments/10vinn7/which_star_trek_death_hit_you_the_hardest/,j7k0fm0,"But many deaths in DS9 was pretty hard for me because they were not random deaths during a mission, they were war casualties.",
i3q2jzq,https://www.reddit.com/r/ProgrammerHumor/comments/txu1i1/alternatives_to_initial_commit_go_wild/i3q2jzq/,2022-04-07 04:34:10 UTC,,ProgrammerHumor,0,https://www.reddit.com/r/ProgrammerHumor/comments/txu1i1/alternatives_to_initial_commit_go_wild/,,It's alive! It's alive!,
jfaef9l,https://www.reddit.com/r/dndmemes/comments/12ec1pr/you_think_bards_are_a_weak_class_do_you/jfaef9l/,2023-04-07 06:38:19 UTC,,dndmemes,0,https://www.reddit.com/r/dndmemes/comments/12ec1pr/you_think_bards_are_a_weak_class_do_you/,,This post made me think: Would Garak roll a persuasion or deception? Since to him they are true even the lies.,
iwoy56h,https://www.reddit.com/r/seinfeld/comments/yxiwv2/and_this_offends_you_as_a_jewish_person/iwoy56h/,2022-11-17 06:40:04 UTC,,seinfeld,0,https://www.reddit.com/r/seinfeld/comments/yxiwv2/and_this_offends_you_as_a_jewish_person/,,"No, it offends me as a comedian!",
j7lga0q,https://www.reddit.com/r/startrekmemes/comments/10vn5zv/only_riker/j7lga0q/,2023-02-07 17:34:42 UTC,,startrekmemes,0,https://www.reddit.com/r/startrekmemes/comments/10vn5zv/only_riker/,,"And also his foot prints on every station. I wonder what the cleaner thinks: ""I said we shouldn't take kids to the ship. They kick everything! Look at these walls and screens! Everything has fucking foot print on it!""",
hnkva2k,https://www.reddit.com/r/flashcarts/comments/r84lhi/old_dstt_stuck_on_loading/hnkva2k/,2021-12-07 10:46:38 UTC,,flashcarts,0,https://www.reddit.com/r/flashcarts/comments/r84lhi/old_dstt_stuck_on_loading/,hn89gxw,I bought a new a card and it doesn't even see it. It just says No Card. (I followed the guide.),
jodkcsd,https://www.reddit.com/r/SatisfactoryGame/comments/14b2yw5/the_factory_must_grow/jodkcsd/,2023-06-16 17:48:01 UTC,31.141.35.245,SatisfactoryGame,0,https://www.reddit.com/r/SatisfactoryGame/comments/14b2yw5/the_factory_must_grow/,,That's dope,
g178erm,https://www.reddit.com/r/veYakinEvren/comments/i7czmb/hepimiz_sevdiğimiz_dizi_film_oyunlardan_karakter/g178erm/,2020-08-12 10:20:30 UTC,,veYakinEvren,0,https://www.reddit.com/r/veYakinEvren/comments/i7czmb/hepimiz_sevdiğimiz_dizi_film_oyunlardan_karakter/,,Sayılırsa İsmail gittiğinden beri onu yaşatmak için 'Kanyi' ismini kullanıyorum oyunlarda.,
jdwya4j,https://www.reddit.com/r/startrekmemes/comments/123qngp/inspired_by_recent_comments/jdwya4j/,2023-03-27 20:12:40 UTC,,startrekmemes,0,https://www.reddit.com/r/startrekmemes/comments/123qngp/inspired_by_recent_comments/,,What a strange person!,
johkmvb,https://www.reddit.com/r/SatisfactoryGame/comments/14bm0w7/noice/johkmvb/,2023-06-17 16:53:38 UTC,5.25.128.180,SatisfactoryGame,0,https://www.reddit.com/r/SatisfactoryGame/comments/14bm0w7/noice/,,Didn't get it,
j7le3m1,https://www.reddit.com/r/startrek/comments/10vxs5t/best_riker_and_data_moment/j7le3m1/,2023-02-07 17:20:46 UTC,,startrek,0,https://www.reddit.com/r/startrek/comments/10vxs5t/best_riker_and_data_moment/,j7l51s1,"Watching Data struggling with something about human nature and overcomplicating it then someone such as Riker giving simple, friendly suggestion is one of the best parts abouot TNG.",
j7vz00e,https://www.reddit.com/r/seinfeld/comments/10xmrc3/favourite_line_delivery/j7vz00e/,2023-02-09 20:11:18 UTC,,seinfeld,0,https://www.reddit.com/r/seinfeld/comments/10xmrc3/favourite_line_delivery/,,"K: Fungi!   
J: What?  
K: FUNGI!

I don't know what it is but there is something in the way [Kramer says fungi](https://youtu.be/ZWc5_PmpTPo) while cleaning his mouth with his tongue and playing with the wrapper. And his eyebrows at the end, just hilarious.",
hprwgyf,https://www.reddit.com/r/ElectroBOOM/comments/rn2653/help_with_this_not_gate/hprwgyf/,2021-12-24 05:04:32 UTC,,ElectroBOOM,0,https://www.reddit.com/r/ElectroBOOM/comments/rn2653/help_with_this_not_gate/,hppqivn,I think I understood. Thanks a lot!,
gqp3qhl,https://www.reddit.com/r/consolerepair/comments/m3fvca/ds_lite_green_light_turns_on_then_off/gqp3qhl/,2021-03-12 15:15:31 UTC,,consolerepair,0,https://www.reddit.com/r/consolerepair/comments/m3fvca/ds_lite_green_light_turns_on_then_off/,,I realized that digitizers cable has a cut but i don't know if it was always there or did i cause it. Can it be the problem.,
jf6s59v,https://www.reddit.com/r/TheLastAirbender/comments/12dlgln/aangs_family/jf6s59v/,2023-04-06 14:17:21 UTC,,TheLastAirbender,0,https://www.reddit.com/r/TheLastAirbender/comments/12dlgln/aangs_family/,,Air nomads did not have those kind of families. They lived as a commune. Aang was orignated from Southern Temple but he was raised by monks from every temple since children lived in different temples so that they saw and learned different things around the world.,
j7tgkpu,https://www.reddit.com/r/seinfeld/comments/10xdhl7/which_scene_is_burnt_into_your_memory/j7tgkpu/,2023-02-09 07:32:33 UTC,,seinfeld,0,https://www.reddit.com/r/seinfeld/comments/10xdhl7/which_scene_is_burnt_into_your_memory/,,"""So I reached my hand and pulled out the obstruction!"" Then pulls out a golf ball. Kramer's look on his face will never leave me.",
jo77h0j,https://www.reddit.com/r/veYakinEvren/comments/149tnqs/oyun_tavsiyesi/jo77h0j/,2023-06-15 07:09:02 UTC,46.104.2.32,veYakinEvren,0,https://www.reddit.com/r/veYakinEvren/comments/149tnqs/oyun_tavsiyesi/,jo741if,"Yazmayı unutmuşum ama BOTW ve TOTK ikisi de muazzam açık dünyalarayıla aylarca hatta yıllarca iş görürler. Oyunu aç, dünyasına kapıl ve saatlerce başka hiçbir şey düşünme.",
g2htihw,https://www.reddit.com/r/veYakinEvren/comments/iejm6v/some_podcastia_problems/g2htihw/,2020-08-22 17:31:34 UTC,,veYakinEvren,0,https://www.reddit.com/r/veYakinEvren/comments/iejm6v/some_podcastia_problems/,g2hth06,Şeefffiiiim!!!,
jmz8lpi,https://www.reddit.com/r/veYakinEvren/comments/141c4vb/geçmişten_hediyeler/jmz8lpi/,2023-06-05 12:02:58 UTC,159.20.68.5,veYakinEvren,0,https://www.reddit.com/r/veYakinEvren/comments/141c4vb/geçmişten_hediyeler/,,"Türkçeler ve de harika. Küçükken bizim orda satmazlardı, birkaç kişi çok isterdik oynamak biz de bulduğumuz her türlü kartvizit gibi karttan uydurur oynardık. Şimdi gerçekleri var da oynayamıyorum.",
jcabsl7,https://www.reddit.com/r/yugioh/comments/11roh0n/dark_magician_maid_oc_source_is_my_brain/jcabsl7/,2023-03-15 12:46:52 UTC,,yugioh,0,https://www.reddit.com/r/yugioh/comments/11roh0n/dark_magician_maid_oc_source_is_my_brain/,,You have dirty brain my friend! It needs a maid to clean apparently.,
j7keol9,https://www.reddit.com/r/startrek/comments/10vxs5t/best_riker_and_data_moment/j7keol9/,2023-02-07 13:05:41 UTC,,startrek,0,https://www.reddit.com/r/startrek/comments/10vxs5t/best_riker_and_data_moment/,j7kdh43,It seems to me that whenever Data would get dismantled it is either La Forge or Riker. But La Forge usually removes some plates from his head while Riker removes his whole limbs.,
jaic4c0,https://www.reddit.com/r/seinfeld/comments/11f93oc/my_new_plates_came_in/jaic4c0/,2023-03-01 17:24:16 UTC,,seinfeld,0,https://www.reddit.com/r/seinfeld/comments/11f93oc/my_new_plates_came_in/,,"So, you are the assman!",
jofmgxf,https://www.reddit.com/r/movies/comments/14b6q0o/what_are_your_favorite_movie_titles/jofmgxf/,2023-06-17 03:58:17 UTC,31.141.35.245,movies,0,https://www.reddit.com/r/movies/comments/14b6q0o/what_are_your_favorite_movie_titles/,,"Short, simple but yet bold ones: The Thing, The Fly, Alien, Predator, Terminator.",
jn3d5a2,https://www.reddit.com/r/TheLastAirbender/comments/1427jpa/whats_the_subreddit_for_tophs_feet_called_i_need/jn3d5a2/,2023-06-06 07:37:57 UTC,159.20.68.5,TheLastAirbender,0,https://www.reddit.com/r/TheLastAirbender/comments/1427jpa/whats_the_subreddit_for_tophs_feet_called_i_need/,,"So you're asking for a friend, right?",
ic67f27,https://www.reddit.com/r/startrekmemes/comments/vb1qha/once_you_have_their_money_you_never_give_it_back/ic67f27/,2022-06-13 05:22:01 UTC,,startrekmemes,0,https://www.reddit.com/r/startrekmemes/comments/vb1qha/once_you_have_their_money_you_never_give_it_back/,,"Rules of Acquisition #1: Once you have their money, you never give it back.",
jo788al,https://www.reddit.com/r/veYakinEvren/comments/149tnqs/oyun_tavsiyesi/jo788al/,2023-06-15 07:20:01 UTC,46.104.2.32,veYakinEvren,0,https://www.reddit.com/r/veYakinEvren/comments/149tnqs/oyun_tavsiyesi/,jo77s62,Zelda serisinin her oyunu insanı ayrı bir yerden yakalıyor ama açık dünya çok seven biri olarak son ikisi oynadığım en iyi oyunlar olabilirler.,
j7k0ven,https://www.reddit.com/r/startrek/comments/10vxs5t/best_riker_and_data_moment/j7k0ven/,2023-02-07 10:22:55 UTC,,startrek,0,https://www.reddit.com/r/startrek/comments/10vxs5t/best_riker_and_data_moment/,j7jzt9a,Riker telling him it was joke in fear was perfect. After being dead serious for all the episode you can't really say if he was trying to joke or not. I always thought Riker spend some time in the brig until the nearest starbase.,
jxz2uki,https://www.reddit.com/r/PercyJacksonMemes/comments/162qjc1/can_riptide_become_pregnant_too/jxz2uki/,2023-08-27 16:17:41 UTC,176.33.117.44,PercyJacksonMemes,0,https://www.reddit.com/r/PercyJacksonMemes/comments/162qjc1/can_riptide_become_pregnant_too/,,How do you think little daggers are made?,
k3c1fgl,https://www.reddit.com/r/TheLastAirbender/comments/16z0xzh/did_xin_fu_and_yu_die/k3c1fgl/,2023-10-03 20:29:31 UTC,159.20.68.5,TheLastAirbender,0,https://www.reddit.com/r/TheLastAirbender/comments/16z0xzh/did_xin_fu_and_yu_die/,k3bzbo4,I wonder if they appear in a later comic.,
jx5zarr,https://www.reddit.com/r/veYakinEvren/comments/15x51r8/guilty_pleasure_oyunlar/jx5zarr/,2023-08-21 18:31:38 UTC,176.33.117.44,veYakinEvren,0,https://www.reddit.com/r/veYakinEvren/comments/15x51r8/guilty_pleasure_oyunlar/,,"Faal Guys. Yıllarca Fall Guys oynayanlara laf ettim, dalga geçtim. İki arkadaşla bir akşam şakasına girdik ve gelecek aylar boyunca her akşam oynadığımız oyun oldu. Hala da arada bir açar oynarım.",
jshmlu7,https://www.reddit.com/r/TheLastAirbender/comments/1536it7/make_this_comment_section_zukos_google_search/jshmlu7/,2023-07-18 18:58:19 UTC,176.33.91.188,TheLastAirbender,0,https://www.reddit.com/r/TheLastAirbender/comments/1536it7/make_this_comment_section_zukos_google_search/,,How to find the avatar,
k3prfdf,https://www.reddit.com/r/consolerepair/comments/170u925/anyone_else_repair_consoles_as_a_hobby/k3prfdf/,2023-10-06 13:44:35 UTC,159.20.68.5,consolerepair,0,https://www.reddit.com/r/consolerepair/comments/170u925/anyone_else_repair_consoles_as_a_hobby/,,"I've tried to make it a hobby, but never worked out due to money and non-existent market in my country. Still one of my dreams tho.

In my short journey I've managed to bring a DS Lite to life and the feelings is amazing!",
k0ekjpw,https://www.reddit.com/r/montypython/comments/16hnd3s/king_of_the_britons/k0ekjpw/,2023-09-13 13:46:25 UTC,37.154.17.48,montypython,0,https://www.reddit.com/r/montypython/comments/16hnd3s/king_of_the_britons/,,King of the who?,
k0em66x,https://www.reddit.com/r/montypython/comments/16hnd3s/king_of_the_britons/k0em66x/,2023-09-13 13:57:13 UTC,37.154.17.48,montypython,0,https://www.reddit.com/r/montypython/comments/16hnd3s/king_of_the_britons/,k0elm31,Well I didn't vote for you!,
k2u54cv,https://www.reddit.com/r/veYakinEvren/comments/16w07mp/arkadaş_olalım_mı/k2u54cv/,2023-09-30 08:00:31 UTC,159.20.68.5,veYakinEvren,0,https://www.reddit.com/r/veYakinEvren/comments/16w07mp/arkadaş_olalım_mı/,,"254619396

Yapıştır kral.",
k09wmce,https://www.reddit.com/r/camphalfblood/comments/16g6jlk/older_fans_what_are_some_things_that_clicked_on_a/k09wmce/,2023-09-12 16:14:40 UTC,176.33.117.44,camphalfblood,0,https://www.reddit.com/r/camphalfblood/comments/16g6jlk/older_fans_what_are_some_things_that_clicked_on_a/,,"When I first read the books (I was 11-12), I didn't care about much what happened to characters other than Percy, Annabeth, and Grover. Now every death, every abuse hits hard. And when I first read they were kids at my age but now I see them as kids going through all this.",
jxe632d,https://www.reddit.com/r/veYakinEvren/comments/15yjg21/kabızlığa_iyi_gelen_yağlı_zopadan_bahsedilen_o_ne/jxe632d/,2023-08-23 10:18:04 UTC,176.33.117.44,veYakinEvren,0,https://www.reddit.com/r/veYakinEvren/comments/15yjg21/kabızlığa_iyi_gelen_yağlı_zopadan_bahsedilen_o_ne/,,"Peki, Sen Ne Diyon! nerde?",
jvmt1uq,https://www.reddit.com/r/Ubuntu/comments/15nf4vy/is_the_ui_in_ubuntu_simple/jvmt1uq/,2023-08-10 20:07:54 UTC,195.155.177.56,Ubuntu,0,https://www.reddit.com/r/Ubuntu/comments/15nf4vy/is_the_ui_in_ubuntu_simple/,,"As someone who used only Windows until very recently (I use cinnamon), I don't find it difficult or complex -compared to for example I get lost every time I look to friend's Mac.

Everything is clearly laid out and it's easy understand what everything does. You quickly grasp the pattern and start guessing the next step. But of course it's about similarity to my background.",
jz6zilg,https://www.reddit.com/r/veYakinEvren/comments/16a7f1k/sevdiğim_oyunlara_göre_ne_önerirsiniz/jz6zilg/,2023-09-05 04:58:49 UTC,176.33.117.44,veYakinEvren,0,https://www.reddit.com/r/veYakinEvren/comments/16a7f1k/sevdiğim_oyunlara_göre_ne_önerirsiniz/,,"RDR2, No Man's Sky, ARK, Neverwinter",
jshmko6,https://www.reddit.com/r/TheLastAirbender/comments/1536it7/make_this_comment_section_zukos_google_search/jshmko6/,2023-07-18 18:58:07 UTC,176.33.91.188,TheLastAirbender,0,https://www.reddit.com/r/TheLastAirbender/comments/1536it7/make_this_comment_section_zukos_google_search/,,How to do good,
jsfmcq2,https://www.reddit.com/r/SatisfactoryGame/comments/152p2p9/am_i_doing_this_right/jsfmcq2/,2023-07-18 09:37:21 UTC,176.33.91.188,SatisfactoryGame,0,https://www.reddit.com/r/SatisfactoryGame/comments/152p2p9/am_i_doing_this_right/,,Yes.,
k0e5kjr,https://www.reddit.com/r/PercyJacksonMemes/comments/16hkk7t/which_movie_was_worst_in_your_opinion/k0e5kjr/,2023-09-13 11:52:53 UTC,176.33.117.44,PercyJacksonMemes,0,https://www.reddit.com/r/PercyJacksonMemes/comments/16hkk7t/which_movie_was_worst_in_your_opinion/,,Second one is the worst. That Kronos fight at the end! Why? Just why?,
jxz1l2k,https://www.reddit.com/r/yugioh/comments/162p8ub/following_the_yugi_vs_jaden_duel_who_do_you/jxz1l2k/,2023-08-27 16:09:28 UTC,176.33.117.44,yugioh,0,https://www.reddit.com/r/yugioh/comments/162p8ub/following_the_yugi_vs_jaden_duel_who_do_you/,,I think Yusei is just too good a duelist by all means.,
k3bsskt,https://www.reddit.com/r/TheLastAirbender/comments/16z0xzh/did_xin_fu_and_yu_die/k3bsskt/,2023-10-03 19:40:34 UTC,159.20.68.5,TheLastAirbender,0,https://www.reddit.com/r/TheLastAirbender/comments/16z0xzh/did_xin_fu_and_yu_die/,k3bsgun,I wonder how tho. Did someone took them or something?,
jshmn5a,https://www.reddit.com/r/TheLastAirbender/comments/1536it7/make_this_comment_section_zukos_google_search/jshmn5a/,2023-07-18 18:58:33 UTC,176.33.91.188,TheLastAirbender,0,https://www.reddit.com/r/TheLastAirbender/comments/1536it7/make_this_comment_section_zukos_google_search/,,Boy with tatoos,
jw8pa9d,https://www.reddit.com/r/tumblr/comments/15r8tu9/infallible/jw8pa9d/,2023-08-15 04:08:57 UTC,85.153.239.6,tumblr,0,https://www.reddit.com/r/tumblr/comments/15r8tu9/infallible/,jw8dcgr,It's not a question of where it grips it!,
jxxbsqc,https://www.reddit.com/r/camphalfblood/comments/162h83d/pjo_is_percy_the_only_one_to_see_riptide_in_yancy/jxxbsqc/,2023-08-27 05:47:22 UTC,176.33.117.44,camphalfblood,0,https://www.reddit.com/r/camphalfblood/comments/162h83d/pjo_is_percy_the_only_one_to_see_riptide_in_yancy/,jxxab3h,"Yeah, I also thought he would control the mist but since the sword won't affect mortals it might create akward situations.",
jvey8c7,https://www.reddit.com/r/veYakinEvren/comments/15lwchd/pc_için_gamepad_önerisi/jvey8c7/,2023-08-09 07:59:16 UTC,5.47.58.223,veYakinEvren,0,https://www.reddit.com/r/veYakinEvren/comments/15lwchd/pc_için_gamepad_önerisi/,,"Sungur yakında bununla ilgili bir içerik planlıyordu topluluk sekmesindeydi duyuru, acil değilse onu bekleyebilirsin.",
k0ekhtq,https://www.reddit.com/r/veYakinEvren/comments/16hn05k/özür_dilerim_78_yaşındaki_kardeşlerim_sizlere/k0ekhtq/,2023-09-13 13:46:04 UTC,37.154.17.48,veYakinEvren,0,https://www.reddit.com/r/veYakinEvren/comments/16hn05k/özür_dilerim_78_yaşındaki_kardeşlerim_sizlere/,,Sözlük de ishal gibi oldu iyice.,
